<application>
  <component name="CodeFoldingSettings">
    <option name="COLLAPSE_IMPORTS" value="false" />
    <option name="COLLAPSE_FILE_HEADER" value="false" />
  </component>
  <component name="CodeInsightSettings">
    <option name="PARAMETER_INFO_DELAY" value="2000" />
    <option name="AUTO_POPUP_JAVADOC_INFO" value="true" />
    <option name="JAVADOC_INFO_DELAY" value="2000" />
    <option name="COMPLETION_CASE_SENSITIVE" value="2" />
    <option name="SHOW_FULL_SIGNATURES_IN_PARAMETER_INFO" value="true" />
    <option name="REFORMAT_ON_PASTE" value="1" />
    <option name="INDENT_TO_CARET_ON_PASTE" value="true" />
    <option name="HIGHLIGHT_SCOPE" value="true" />
  </component>
</application>