<application>
  <component name="ProjectJdkTable">
    <jdk version="2">
      <name value="Python 3.6" />
      <type value="Python SDK" />
      <version value="Python 3.6.4" />
      <homePath value="D:\ProgramData\Anaconda3\python.exe" />
      <roots>
        <classPath>
          <root type="composite">
            <root url="file://D:/ProgramData/Anaconda3/DLLs" type="simple" />
            <root url="file://D:/ProgramData/Anaconda3/Lib" type="simple" />
            <root url="file://D:/ProgramData/Anaconda3/Lib/site-packages" type="simple" />
            <root url="jar://D:/ProgramData/Anaconda3/Lib/site-packages/msgpack_python-0.4.7-py3.6-win-amd64.egg!/" type="simple" />
            <root url="file://D:/ProgramData/Anaconda3/Lib/site-packages/thriftpy-0.3.9-py3.6.egg" type="simple" />
            <root url="jar://D:/ProgramData/Anaconda3/Lib/site-packages/mpl_finance-0.10.0-py3.6.egg!/" type="simple" />
            <root url="file://D:/ProgramData/Anaconda3/Lib/site-packages/simplejson-3.16.0-py3.6-win-amd64.egg" type="simple" />
            <root url="file://D:/ProgramData/Anaconda3/Lib/site-packages/yarl-1.1.0-py3.6-win-amd64.egg" type="simple" />
            <root url="file://D:/ProgramData/Anaconda3/Lib/site-packages/aiodns-1.1.1-py3.6.egg" type="simple" />
            <root url="file://D:/ProgramData/Anaconda3/Lib/site-packages/aiohttp-3.4.4-py3.6-win-amd64.egg" type="simple" />
            <root url="file://D:/ProgramData/Anaconda3/Lib/site-packages/pypiwin32-223-py3.6.egg" type="simple" />
            <root url="file://D:/ProgramData/Anaconda3/Lib/site-packages/hexbytes-0.1.0-py3.6.egg" type="simple" />
            <root url="file://D:/ProgramData/Anaconda3/Lib/site-packages/eth_utils-1.2.1-py3.6.egg" type="simple" />
            <root url="file://D:/ProgramData/Anaconda3/Lib/site-packages/eth_hash-0.1.4-py3.6.egg" type="simple" />
            <root url="file://D:/ProgramData/Anaconda3/Lib/site-packages/eth_account-0.2.3-py3.6.egg" type="simple" />
            <root url="file://D:/ProgramData/Anaconda3/Lib/site-packages/eth_abi-1.2.0-py3.6.egg" type="simple" />
            <root url="file://D:/ProgramData/Anaconda3/Lib/site-packages/multidict-4.4.0-py3.6-win-amd64.egg" type="simple" />
            <root url="file://D:/ProgramData/Anaconda3/Lib/site-packages/pycares-2.3.0-py3.6-win-amd64.egg" type="simple" />
            <root url="file://D:/ProgramData/Anaconda3/Lib/site-packages/idna_ssl-1.1.0-py3.6.egg" type="simple" />
            <root url="file://D:/ProgramData/Anaconda3/Lib/site-packages/async_timeout-3.0.0-py3.6.egg" type="simple" />
            <root url="file://D:/ProgramData/Anaconda3/Lib/site-packages/eth_typing-1.3.0-py3.6.egg" type="simple" />
            <root url="file://D:/ProgramData/Anaconda3/Lib/site-packages/pycryptodome-3.6.6-py3.6-win-amd64.egg" type="simple" />
            <root url="file://D:/ProgramData/Anaconda3/Lib/site-packages/eth_rlp-0.1.2-py3.6.egg" type="simple" />
            <root url="file://D:/ProgramData/Anaconda3/Lib/site-packages/eth_keys-0.2.0b3-py3.6.egg" type="simple" />
            <root url="file://D:/ProgramData/Anaconda3/Lib/site-packages/eth_keyfile-0.5.1-py3.6.egg" type="simple" />
            <root url="jar://D:/ProgramData/Anaconda3/Lib/site-packages/attrdict-2.0.0-py3.6.egg!/" type="simple" />
            <root url="jar://D:/ProgramData/Anaconda3/Lib/site-packages/parsimonious-0.8.0-py3.6.egg!/" type="simple" />
            <root url="file://D:/ProgramData/Anaconda3/Lib/site-packages/rlp-1.0.2-py3.6.egg" type="simple" />
            <root url="jar://D:/ProgramData/Anaconda3/Lib/site-packages/stockstats-0.2.0-py3.6.egg!/" type="simple" />
            <root url="file://D:/ProgramData/Anaconda3/Lib/site-packages/int_date-0.1.8-py3.6.egg" type="simple" />
            <root url="jar://D:/ProgramData/Anaconda3/Lib/site-packages/binance_futures-1.0.1-py3.6.egg!/" type="simple" />
            <root url="file://D:/ProgramData/Anaconda3/Lib/site-packages/APScheduler-3.6.3-py3.6.egg" type="simple" />
            <root url="file://D:/ProgramData/Anaconda3/Lib/site-packages/win32" type="simple" />
            <root url="file://D:/ProgramData/Anaconda3/Lib/site-packages/win32/lib" type="simple" />
            <root url="file://D:/ProgramData/Anaconda3/Lib/site-packages/pythonwin" type="simple" />
            <root url="file://$USER_HOME$/.PyCharmCE2019.2/system/python_stubs/1412029153" type="simple" />
            <root url="file://$APPLICATION_HOME_DIR$/helpers/python-skeletons" type="simple" />
            <root url="file://$APPLICATION_HOME_DIR$/helpers/typeshed/stdlib/3" type="simple" />
            <root url="file://$APPLICATION_HOME_DIR$/helpers/typeshed/stdlib/2and3" type="simple" />
            <root url="file://$APPLICATION_HOME_DIR$/helpers/typeshed/third_party/3" type="simple" />
            <root url="file://$APPLICATION_HOME_DIR$/helpers/typeshed/third_party/2and3" type="simple" />
          </root>
        </classPath>
        <sourcePath>
          <root type="composite" />
        </sourcePath>
      </roots>
      <additional />
    </jdk>
  </component>
</application>