<keymap version="1" name="Default copy" parent="$default">
  <action id="ActivatePythonConsoleToolWindow">
    <keyboard-shortcut first-keystroke="f9" />
  </action>
  <action id="ActivateTerminalToolWindow">
    <keyboard-shortcut first-keystroke="f12" />
  </action>
  <action id="ChangesView.AddUnversioned" />
  <action id="ChangesView.Revert" />
  <action id="ChangesView.SetDefault" />
  <action id="ClassNameCompletion" />
  <action id="CodeCompletion" />
  <action id="CollapseAllRegions">
    <keyboard-shortcut first-keystroke="shift ctrl subtract" />
    <keyboard-shortcut first-keystroke="shift ctrl minus" />
    <keyboard-shortcut first-keystroke="ctrl alt minus" />
  </action>
  <action id="CollapseRegionRecursively">
    <keyboard-shortcut first-keystroke="ctrl alt subtract" />
  </action>
  <action id="EditorDeleteLine">
    <keyboard-shortcut first-keystroke="ctrl y" />
    <keyboard-shortcut first-keystroke="ctrl q" />
  </action>
  <action id="EditorDownWithSelection" />
  <action id="EditorUpWithSelection" />
  <action id="ExecuteInPyConsoleAction">
    <keyboard-shortcut first-keystroke="shift space" />
  </action>
  <action id="ExpandAllRegions">
    <keyboard-shortcut first-keystroke="shift ctrl add" />
    <keyboard-shortcut first-keystroke="shift ctrl equals" />
    <keyboard-shortcut first-keystroke="ctrl alt equals" />
  </action>
  <action id="ExpandRegionRecursively">
    <keyboard-shortcut first-keystroke="ctrl alt add" />
  </action>
  <action id="FileStructurePopup">
    <mouse-shortcut keystroke="shift button3" />
  </action>
  <action id="GotoImplementation">
    <keyboard-shortcut first-keystroke="ctrl alt b" />
  </action>
  <action id="GotoTypeDeclaration">
    <keyboard-shortcut first-keystroke="shift ctrl b" />
  </action>
  <action id="JumpToLastWindow" />
  <action id="MoveStatementDown">
    <keyboard-shortcut first-keystroke="shift down" />
  </action>
  <action id="MoveStatementUp">
    <keyboard-shortcut first-keystroke="shift up" />
  </action>
  <action id="NewElement">
    <keyboard-shortcut first-keystroke="ctrl alt x" />
  </action>
  <action id="OpenFile">
    <mouse-shortcut keystroke="shift control button1" />
  </action>
  <action id="QuickJavaDoc">
    <mouse-shortcut keystroke="alt button2" />
  </action>
  <action id="RestoreDefaultLayout" />
  <action id="Resume" />
  <action id="RevealIn">
    <keyboard-shortcut first-keystroke="shift alt e" />
  </action>
  <action id="Run">
    <keyboard-shortcut first-keystroke="f10" />
  </action>
  <action id="RunClass">
    <keyboard-shortcut first-keystroke="ctrl alt f10" />
  </action>
  <action id="SurroundWith">
    <keyboard-shortcut first-keystroke="ctrl alt z" />
  </action>
  <action id="ToggleBookmark" />
  <action id="ToggleFullScreen">
    <keyboard-shortcut first-keystroke="ctrl alt a" />
  </action>
  <action id="Vcs.RollbackChangedLines" />
  <action id="XDebugger.ToggleSortValues">
    <keyboard-shortcut first-keystroke="alt s" />
  </action>
</keymap>