<profile version="1.0">
  <option name="myName" value="Default" />
  <inspection_tool class="PyPackageRequirementsInspection" enabled="true" level="WARNING" enabled_by_default="true">
    <option name="ignoredPackages">
      <value>
        <list size="5">
          <item index="0" class="java.lang.String" itemvalue="autobahn" />
          <item index="1" class="java.lang.String" itemvalue="certifi" />
          <item index="2" class="java.lang.String" itemvalue="cryptography" />
          <item index="3" class="java.lang.String" itemvalue="dateparser" />
          <item index="4" class="java.lang.String" itemvalue="requests" />
        </list>
      </value>
    </option>
  </inspection_tool>
</profile>